url,tags
http://www.mygpteam.com/rights.php,234
http://www.mygpteam.com/externalJournal.php,488
http://www.mygpteam.com/terms.php,269
http://www.mygpteam.com/contacts.php,208
http://www.mygpteam.com/privacy.php,214
http://www.mygpteam.com/passwordRecovery.php,226
http://www.mygpteam.com/register.php,343
http://www.mygpteam.com/index.php,216
http://www.mygpteam.com/game.php,252
http://www.mygpteam.com/links.php,238
http://www.mygpteam.com/,216
http://www.mygpteam.com/aboutus.php,205
http://www.mygpteam.com/guide/externalGameGuide.php?page=1,316
http://www.mygpteam.com/guide/externalGameGuide.php,316
http://www.mygpteam.com/externalJournal.php?act=newsfocus&pressrelease=29330,245
http://www.mygpteam.com/externalJournal.php?act=newsfocus&pressrelease=29337,245
http://www.mygpteam.com/externalJournal.php?act=newsfocus&pressrelease=29413,245
http://www.mygpteam.com/externalJournal.php?act=newsfocus&pressrelease=29424,245
http://www.mygpteam.com/externalJournal.php?act=newsfocus&pressrelease=29405,245
http://www.mygpteam.com/externalJournal.php?act=newsfocus&pressrelease=29354,245
http://www.mygpteam.com/externalJournal.php?act=newsfocus&pressrelease=29433,245
http://www.mygpteam.com/externalJournal.php?act=newsfocus&pressrelease=29469,245
http://www.mygpteam.com/externalJournal.php?act=newsfocus&pressrelease=29486,245
http://www.mygpteam.com/externalJournal.php?act=newsfocus&pressrelease=29516,245
http://www.mygpteam.com/externalJournal.php?act=newsfocus&pressrelease=29544,245
http://www.mygpteam.com/externalJournal.php?act=newsfocus&pressrelease=29590,245
http://www.mygpteam.com/externalJournal.php?act=newsfocus&pressrelease=29481,245
http://www.mygpteam.com/externalJournal.php?act=newsfocus&pressrelease=29608,245
http://www.mygpteam.com/externalJournal.php?act=newsfocus&pressrelease=29610,245
http://www.mygpteam.com/externalJournal.php?act=newsfocus&pressrelease=28922,245
http://www.mygpteam.com/externalJournal.php?act=newsfocus&pressrelease=28929,245
http://www.mygpteam.com/externalJournal.php?act=newsfocus&pressrelease=28941,245
http://www.mygpteam.com/externalJournal.php?act=newsfocus&pressrelease=28958,245
http://www.mygpteam.com/externalJournal.php?act=newsfocus&pressrelease=28989,245
http://www.mygpteam.com/externalJournal.php?act=newsfocus&pressrelease=28946,245
http://www.mygpteam.com/externalJournal.php?act=newsfocus&pressrelease=28988,245
http://www.mygpteam.com/externalJournal.php?act=newsfocus&pressrelease=29007,245
http://www.mygpteam.com/guide/externalGameGuide.php?page=13,331
http://www.mygpteam.com/guide/externalGameGuide.php?page=12,381
http://www.mygpteam.com/guide/externalGameGuide.php?page=15,358
http://www.mygpteam.com/guide/externalGameGuide.php?page=16,320
http://www.mygpteam.com/guide/externalGameGuide.php?page=18,308
http://www.mygpteam.com/guide/externalGameGuide.php?page=17,401
http://www.mygpteam.com/guide/externalGameGuide.php?page=10,624
http://www.mygpteam.com/guide/externalGameGuide.php?page=11,416
http://www.mygpteam.com/guide/externalGameGuide.php?page=14,391
http://www.mygpteam.com/guide/externalGameGuide.php?page=19,375
http://www.mygpteam.com/guide/externalGameGuide.php?page=9,333
http://www.mygpteam.com/guide/externalGameGuide.php?page=5,731
http://www.mygpteam.com/guide/externalGameGuide.php?page=8,350
http://www.mygpteam.com/guide/externalGameGuide.php?page=7,323
http://www.mygpteam.com/guide/externalGameGuide.php?page=6,331
http://www.mygpteam.com/guide/externalGameGuide.php?page=4,317
http://www.mygpteam.com/guide/externalGameGuide.php?page=3,474
http://www.mygpteam.com/externalJournal.php?act=newsfocus&pressrelease=29009,245
http://www.mygpteam.com/guide/externalGameGuide.php?page=2,366
http://www.mygpteam.com/externalJournal.php?act=newsfocus&pressrelease=29012,245
http://www.mygpteam.com/externalJournal.php?act=newsfocus&pressrelease=29027,245
http://www.mygpteam.com/externalJournal.php?act=newsfocus&pressrelease=29028,245
http://www.mygpteam.com/externalJournal.php?act=newsfocus&pressrelease=29031,245
http://www.mygpteam.com/externalJournal.php?act=newsfocus&pressrelease=29043,245
http://www.mygpteam.com/externalJournal.php?act=newsfocus&pressrelease=29045,245
http://www.mygpteam.com/externalJournal.php?act=newsfocus&pressrelease=29055,245
http://www.mygpteam.com/externalJournal.php?act=newsfocus&pressrelease=29058,245
http://www.mygpteam.com/externalJournal.php?act=newsfocus&pressrelease=29063,245
http://www.mygpteam.com/externalJournal.php?act=newsfocus&pressrelease=29065,245
http://www.mygpteam.com/externalJournal.php?act=newsfocus&pressrelease=29078,245
http://www.mygpteam.com/externalJournal.php?act=newsfocus&pressrelease=29085,245
http://www.mygpteam.com/externalJournal.php?act=newsfocus&pressrelease=29100,245
http://www.mygpteam.com/externalJournal.php?act=newsfocus&pressrelease=29120,245
http://www.mygpteam.com/externalJournal.php?act=newsfocus&pressrelease=29135,245
http://www.mygpteam.com/externalJournal.php?act=newsfocus&pressrelease=29136,245
http://www.mygpteam.com/externalJournal.php?act=newsfocus&pressrelease=29150,245
http://www.mygpteam.com/externalJournal.php?act=newsfocus&pressrelease=29155,245
http://www.mygpteam.com/externalJournal.php?act=newsfocus&pressrelease=29173,245
http://www.mygpteam.com/externalJournal.php?act=newsfocus&pressrelease=29214,245
http://www.mygpteam.com/externalJournal.php?act=newsfocus&pressrelease=29275,245
http://www.mygpteam.com/externalJournal.php?act=newsfocus&pressrelease=29276,245
http://www.mygpteam.com/externalJournal.php?act=newsfocus&pressrelease=29293,245
http://www.mygpteam.com/externalJournal.php?act=newsfocus&pressrelease=29305,245
http://www.mygpteam.com/externalJournal.php?act=newsfocus&pressrelease=29324,245
http://www.mygpteam.com/externalJournal.php?act=newsfocus&pressrelease=29615,245
http://www.mygpteam.com/externalJournal.php?act=newsfocus&pressrelease=29306,245
http://www.mygpteam.com/externalJournal.php?act=newsfocus&pressrelease=29653,245
http://www.mygpteam.com/externalJournal.php?act=newsfocus&pressrelease=29664,245
http://www.mygpteam.com/externalJournal.php?act=newsfocus&pressrelease=29624,245
http://www.mygpteam.com/externalJournal.php?act=newsfocus&pressrelease=29678,245
http://www.mygpteam.com/externalJournal.php?act=newsfocus&pressrelease=29822,245
http://www.mygpteam.com/externalJournal.php?act=newsfocus&pressrelease=29829,245
http://www.mygpteam.com/externalJournal.php?act=newsfocus&pressrelease=29773,245
http://www.mygpteam.com/externalJournal.php?act=newsfocus&pressrelease=29818,245
http://www.mygpteam.com/externalJournal.php?act=newsfocus&pressrelease=29837,245
http://www.mygpteam.com/externalJournal.php?formula=6,234
http://www.mygpteam.com/externalJournal.php?formula=4,488
http://www.mygpteam.com/externalJournal.php?formula=1,488
http://www.mygpteam.com/externalJournal.php?formula=5,358
http://www.mygpteam.com/externalJournal.php?formula=3,488
http://www.mygpteam.com/externalJournal.php?formula=2,488
http://www.mygpteam.com/externalJournal.php?act=newsfocus&pressrelease=29680,245
http://www.mygpteam.com/externalJournal.php?act=newsfocus&pressrelease=29688,245
http://www.mygpteam.com/externalJournal.php?act=newsfocus&pressrelease=29704,245
http://www.mygpteam.com/externalJournal.php?act=newsfocus&pressrelease=29694,245
http://www.mygpteam.com/externalJournal.php?act=newsfocus&pressrelease=29686,245
http://www.mygpteam.com/externalJournal.php?act=newsfocus&pressrelease=29698,245
http://www.mygpteam.com/externalJournal.php?act=newsfocus&pressrelease=29716,245
http://www.mygpteam.com/externalJournal.php?act=newsfocus&pressrelease=29722,245
http://www.mygpteam.com/externalJournal.php?act=newsfocus&pressrelease=29727,245
http://www.mygpteam.com/externalJournal.php?act=newsfocus&pressrelease=29735,245
http://www.mygpteam.com/externalJournal.php?act=newsfocus&pressrelease=29788,245
http://www.mygpteam.com/externalJournal.php?act=newsfocus&pressrelease=29738,245
http://www.mygpteam.com/externalJournal.php?act=newsfocus&pressrelease=29770,245
http://www.mygpteam.com/externalJournal.php?act=newsfocus&pressrelease=29823,245
http://www.mygpteam.com/externalJournal.php?act=newsfocus&pressrelease=29792,245
http://www.mygpteam.com/externalJournal.php?act=newsfocus&pressrelease=29797,245
http://www.mygpteam.com/externalJournal.php?act=newsfocus&pressrelease=29789,245
http://www.mygpteam.com/externalJournal.php?act=newsfocus&pressrelease=29790,245
http://www.mygpteam.com/externalJournal.php?act=newsfocus&pressrelease=29436,245
http://www.mygpteam.com/externalJournal.php?act=newsfocus&pressrelease=29444,245
http://www.mygpteam.com/externalJournal.php?act=newsfocus&pressrelease=29449,245
http://www.mygpteam.com/externalJournal.php?act=newsfocus&pressrelease=28746,245
http://www.mygpteam.com/externalJournal.php?act=newsfocus&pressrelease=28738,245
http://www.mygpteam.com/externalJournal.php?act=newsfocus&pressrelease=28739,245
http://www.mygpteam.com/externalJournal.php?act=newsfocus&pressrelease=28761,245
http://www.mygpteam.com/externalJournal.php?act=newsfocus&pressrelease=28818,245
http://www.mygpteam.com/externalJournal.php?act=newsfocus&pressrelease=28822,245
http://www.mygpteam.com/externalJournal.php?act=newsfocus&pressrelease=28976,245
http://www.mygpteam.com/externalJournal.php?act=newsfocus&pressrelease=28885,245
http://www.mygpteam.com/externalJournal.php?act=newsfocus&pressrelease=28897,245
http://www.mygpteam.com/externalJournal.php?act=newsfocus&pressrelease=28900,245
http://www.mygpteam.com/externalJournal.php?act=newsfocus&pressrelease=28992,245
http://www.mygpteam.com/externalJournal.php?act=newsfocus&pressrelease=29006,245
http://www.mygpteam.com/externalJournal.php?act=newsfocus&pressrelease=29015,245
http://www.mygpteam.com/externalJournal.php?act=newsfocus&pressrelease=29022,245
http://www.mygpteam.com/externalJournal.php?act=newsfocus&pressrelease=29050,245
http://www.mygpteam.com/externalJournal.php?act=newsfocus&pressrelease=29072,245
http://www.mygpteam.com/externalJournal.php?act=newsfocus&pressrelease=29097,245
http://www.mygpteam.com/externalJournal.php?act=newsfocus&pressrelease=29030,245
http://www.mygpteam.com/externalJournal.php?act=newsfocus&pressrelease=29101,245
http://www.mygpteam.com/externalJournal.php?act=newsfocus&pressrelease=29104,245
http://www.mygpteam.com/externalJournal.php?act=newsfocus&pressrelease=29152,245
http://www.mygpteam.com/externalJournal.php?act=newsfocus&pressrelease=29121,245
http://www.mygpteam.com/externalJournal.php?act=newsfocus&pressrelease=29126,245
http://www.mygpteam.com/externalJournal.php?act=newsfocus&pressrelease=29128,245
http://www.mygpteam.com/externalJournal.php?act=newsfocus&pressrelease=29207,245
http://www.mygpteam.com/externalJournal.php?act=newsfocus&pressrelease=29186,245
http://www.mygpteam.com/externalJournal.php?act=newsfocus&pressrelease=29230,245
http://www.mygpteam.com/externalJournal.php?act=newsfocus&pressrelease=29328,245
http://www.mygpteam.com/externalJournal.php?act=newsfocus&pressrelease=29348,245
http://www.mygpteam.com/externalJournal.php?act=newsfocus&pressrelease=29349,245
http://www.mygpteam.com/externalJournal.php?act=newsfocus&pressrelease=29425,245
http://www.mygpteam.com/externalJournal.php?act=newsfocus&pressrelease=29458,245
http://www.mygpteam.com/externalJournal.php?act=newsfocus&pressrelease=29253,245
http://www.mygpteam.com/externalJournal.php?act=newsfocus&pressrelease=29455,245
http://www.mygpteam.com/externalJournal.php?act=newsfocus&pressrelease=29459,245
http://www.mygpteam.com/externalJournal.php?act=newsfocus&pressrelease=29475,245
http://www.mygpteam.com/externalJournal.php?act=newsfocus&pressrelease=29557,245
http://www.mygpteam.com/externalJournal.php?act=newsfocus&pressrelease=29572,245
http://www.mygpteam.com/externalJournal.php?act=newsfocus&pressrelease=29606,245
http://www.mygpteam.com/externalJournal.php?act=newsfocus&pressrelease=29657,245
http://www.mygpteam.com/externalJournal.php?act=newsfocus&pressrelease=29665,245
http://www.mygpteam.com/externalJournal.php?act=newsfocus&pressrelease=29666,245
http://www.mygpteam.com/externalJournal.php?act=newsfocus&pressrelease=29679,245
http://www.mygpteam.com/externalJournal.php?act=newsfocus&pressrelease=29689,245
http://www.mygpteam.com/externalJournal.php?act=newsfocus&pressrelease=29701,245
http://www.mygpteam.com/externalJournal.php?act=newsfocus&pressrelease=29721,245
http://www.mygpteam.com/externalJournal.php?act=newsfocus&pressrelease=29739,245
http://www.mygpteam.com/externalJournal.php?act=newsfocus&pressrelease=29763,245
http://www.mygpteam.com/externalJournal.php?act=newsfocus&pressrelease=29794,245
http://www.mygpteam.com/externalJournal.php?act=newsfocus&pressrelease=29795,245
http://www.mygpteam.com/externalJournal.php?act=newsfocus&pressrelease=29796,245
http://www.mygpteam.com/externalJournal.php?act=newsfocus&pressrelease=29830,245
http://www.mygpteam.com/externalJournal.php?act=newsfocus&pressrelease=29831,245
http://www.mygpteam.com/externalJournal.php?act=newsfocus&pressrelease=29832,245
http://www.mygpteam.com/externalJournal.php?act=newsfocus&pressrelease=29848,245
http://www.mygpteam.com/externalJournal.php?act=newsfocus&pressrelease=29866,245
http://www.mygpteam.com/externalJournal.php?act=newsfocus&pressrelease=29873,245
http://www.mygpteam.com/externalJournal.php?act=newsfocus&pressrelease=29793,245
http://www.mygpteam.com/externalJournal.php?act=newsfocus&pressrelease=29798,245
http://www.mygpteam.com/externalJournal.php?act=newsfocus&pressrelease=29799,245
http://www.mygpteam.com/externalJournal.php?act=newsfocus&pressrelease=29800,245
http://www.mygpteam.com/externalJournal.php?act=newsfocus&pressrelease=29801,245
http://www.mygpteam.com/externalJournal.php?act=newsfocus&pressrelease=29802,245
http://www.mygpteam.com/externalJournal.php?act=newsfocus&pressrelease=29803,245
http://www.mygpteam.com/externalJournal.php?act=newsfocus&pressrelease=29804,245
http://www.mygpteam.com/externalJournal.php?act=newsfocus&pressrelease=29805,245
http://www.mygpteam.com/externalJournal.php?act=newsfocus&pressrelease=29806,245
http://www.mygpteam.com/externalJournal.php?act=newsfocus&pressrelease=29809,245
http://www.mygpteam.com/externalJournal.php?act=newsfocus&pressrelease=29808,245
http://www.mygpteam.com/externalJournal.php?act=newsfocus&pressrelease=29810,245
http://www.mygpteam.com/externalJournal.php?act=newsfocus&pressrelease=29811,245
http://www.mygpteam.com/externalJournal.php?act=newsfocus&pressrelease=29812,245
http://www.mygpteam.com/externalJournal.php?act=newsfocus&pressrelease=29813,245
http://www.mygpteam.com/externalJournal.php?act=newsfocus&pressrelease=29807,245
http://www.mygpteam.com/externalJournal.php?act=newsfocus&pressrelease=29815,245
http://www.mygpteam.com/externalJournal.php?act=newsfocus&pressrelease=29814,245
http://www.mygpteam.com/externalJournal.php?act=newsfocus&pressrelease=29817,245
http://www.mygpteam.com/externalJournal.php?act=newsfocus&pressrelease=29819,245
http://www.mygpteam.com/externalJournal.php?act=newsfocus&pressrelease=29820,245
http://www.mygpteam.com/externalJournal.php?act=newsfocus&pressrelease=29821,245
http://www.mygpteam.com/externalJournal.php?act=newsfocus&pressrelease=29825,245
http://www.mygpteam.com/externalJournal.php?act=newsfocus&pressrelease=29816,245
http://www.mygpteam.com/externalJournal.php?act=newsfocus&pressrelease=29826,245
http://www.mygpteam.com/externalJournal.php?act=newsfocus&pressrelease=29828,245
http://www.mygpteam.com/externalJournal.php?act=newsfocus&pressrelease=29833,245
http://www.mygpteam.com/externalJournal.php?act=newsfocus&pressrelease=29834,245
http://www.mygpteam.com/externalJournal.php?act=newsfocus&pressrelease=29835,245
http://www.mygpteam.com/externalJournal.php?act=newsfocus&pressrelease=29838,245
http://www.mygpteam.com/externalJournal.php?act=newsfocus&pressrelease=29841,245
http://www.mygpteam.com/externalJournal.php?act=newsfocus&pressrelease=29842,245
http://www.mygpteam.com/externalJournal.php?act=newsfocus&pressrelease=29840,245
http://www.mygpteam.com/externalJournal.php?act=newsfocus&pressrelease=29843,245
http://www.mygpteam.com/externalJournal.php?act=newsfocus&pressrelease=29844,245
http://www.mygpteam.com/externalJournal.php?act=newsfocus&pressrelease=29850,245
http://www.mygpteam.com/externalJournal.php?act=newsfocus&pressrelease=29846,245
http://www.mygpteam.com/externalJournal.php?act=newsfocus&pressrelease=29853,245
http://www.mygpteam.com/externalJournal.php?act=newsfocus&pressrelease=29849,245
http://www.mygpteam.com/externalJournal.php?act=newsfocus&pressrelease=29854,245
http://www.mygpteam.com/externalJournal.php?act=newsfocus&pressrelease=29851,245
http://www.mygpteam.com/externalJournal.php?act=newsfocus&pressrelease=29855,245
http://www.mygpteam.com/externalJournal.php?act=newsfocus&pressrelease=29857,245
http://www.mygpteam.com/externalJournal.php?act=newsfocus&pressrelease=29862,245
http://www.mygpteam.com/externalJournal.php?act=newsfocus&pressrelease=29863,245
http://www.mygpteam.com/externalJournal.php?act=newsfocus&pressrelease=29858,245
http://www.mygpteam.com/externalJournal.php?act=newsfocus&pressrelease=29859,245
http://www.mygpteam.com/externalJournal.php?act=newsfocus&pressrelease=29861,245
http://www.mygpteam.com/externalJournal.php?act=newsfocus&pressrelease=29864,245
http://www.mygpteam.com/externalJournal.php?act=newsfocus&pressrelease=29860,245
http://www.mygpteam.com/externalJournal.php?act=newsfocus&pressrelease=29867,245
http://www.mygpteam.com/externalJournal.php?act=newsfocus&pressrelease=29869,245
http://www.mygpteam.com/externalJournal.php?act=newsfocus&pressrelease=29870,245
http://www.mygpteam.com/externalJournal.php?act=newsfocus&pressrelease=29875,245
http://www.mygpteam.com/externalJournal.php?act=newsfocus&pressrelease=29871,245
http://www.mygpteam.com/externalJournal.php?act=newsfocus&pressrelease=29874,245
http://www.mygpteam.com/externalJournal.php?act=newsfocus&pressrelease=29876,245
http://www.mygpteam.com/externalJournal.php?act=newsfocus&pressrelease=25533,245
http://www.mygpteam.com/externalJournal.php?act=newsfocus&pressrelease=25555,245
http://www.mygpteam.com/externalJournal.php?act=newsfocus&pressrelease=25571,245
http://www.mygpteam.com/externalJournal.php?act=newsfocus&pressrelease=25604,245
http://www.mygpteam.com/externalJournal.php?act=newsfocus&pressrelease=25082,245
http://www.mygpteam.com/externalJournal.php?act=newsfocus&pressrelease=25694,245
http://www.mygpteam.com/externalJournal.php?act=newsfocus&pressrelease=29103,245
http://www.mygpteam.com/externalJournal.php?act=newsfocus&pressrelease=25704,245
http://www.mygpteam.com/externalJournal.php?act=newsfocus&pressrelease=29845,245
http://www.mygpteam.com/externalJournal.php?act=newsfocus&pressrelease=29004,245
http://www.mygpteam.com/externalJournal.php?act=newsfocus&pressrelease=29069,245
http://www.mygpteam.com/externalJournal.php?act=newsfocus&pressrelease=29108,245
http://www.mygpteam.com/externalJournal.php?act=newsfocus&pressrelease=29146,245
http://www.mygpteam.com/externalJournal.php?act=newsfocus&pressrelease=29191,245
http://www.mygpteam.com/externalJournal.php?act=newsfocus&pressrelease=29206,245
http://www.mygpteam.com/externalJournal.php?act=newsfocus&pressrelease=29209,245
http://www.mygpteam.com/externalJournal.php?act=newsfocus&pressrelease=29237,245
http://www.mygpteam.com/externalJournal.php?act=newsfocus&pressrelease=29123,245
http://www.mygpteam.com/externalJournal.php?act=newsfocus&pressrelease=29138,245
http://www.mygpteam.com/externalJournal.php?act=newsfocus&pressrelease=29241,245
http://www.mygpteam.com/externalJournal.php?act=newsfocus&pressrelease=29271,245
http://www.mygpteam.com/externalJournal.php?act=newsfocus&pressrelease=29322,245
http://www.mygpteam.com/externalJournal.php?act=newsfocus&pressrelease=29350,245
http://www.mygpteam.com/externalJournal.php?act=newsfocus&pressrelease=29352,245
http://www.mygpteam.com/externalJournal.php?act=newsfocus&pressrelease=29286,245
http://www.mygpteam.com/externalJournal.php?act=newsfocus&pressrelease=29386,245
http://www.mygpteam.com/externalJournal.php?act=newsfocus&pressrelease=29310,245
http://www.mygpteam.com/externalJournal.php?act=newsfocus&pressrelease=29320,245
http://www.mygpteam.com/externalJournal.php?act=newsfocus&pressrelease=29407,245
http://www.mygpteam.com/externalJournal.php?act=newsfocus&pressrelease=29461,245
http://www.mygpteam.com/externalJournal.php?act=newsfocus&pressrelease=29480,245
http://www.mygpteam.com/externalJournal.php?act=newsfocus&pressrelease=29387,245
http://www.mygpteam.com/externalJournal.php?act=newsfocus&pressrelease=29443,245
http://www.mygpteam.com/externalJournal.php?act=newsfocus&pressrelease=29484,245
http://www.mygpteam.com/externalJournal.php?act=newsfocus&pressrelease=29499,245
http://www.mygpteam.com/externalJournal.php?act=newsfocus&pressrelease=29528,245
http://www.mygpteam.com/externalJournal.php?act=newsfocus&pressrelease=29655,245
http://www.mygpteam.com/externalJournal.php?act=newsfocus&pressrelease=29594,245
http://www.mygpteam.com/externalJournal.php?act=newsfocus&pressrelease=29670,245
http://www.mygpteam.com/externalJournal.php?act=newsfocus&pressrelease=29619,245
http://www.mygpteam.com/externalJournal.php?act=newsfocus&pressrelease=29674,245
http://www.mygpteam.com/externalJournal.php?act=newsfocus&pressrelease=29824,245
http://www.mygpteam.com/externalJournal.php?act=newsfocus&pressrelease=29667,245
http://www.mygpteam.com/externalJournal.php?act=newsfocus&pressrelease=29836,245
http://www.mygpteam.com/externalJournal.php?act=newsfocus&pressrelease=29839,245
http://www.mygpteam.com/externalJournal.php?act=newsfocus&pressrelease=29852,245
http://www.mygpteam.com/externalJournal.php?act=newsfocus&pressrelease=29827,245
http://www.mygpteam.com/externalJournal.php?act=newsfocus&pressrelease=29856,245
http://www.mygpteam.com/externalJournal.php?act=newsfocus&pressrelease=29847,245
http://www.mygpteam.com/externalJournal.php?act=newsfocus&pressrelease=29868,245
http://www.mygpteam.com/externalJournal.php?act=newsfocus&pressrelease=29872,245
http://www.mygpteam.com/externalJournal.php?act=newsfocus&pressrelease=29865,245
